<?xml version="1.0"?>
<EMPLOYEES>
	<EMPLOYEE>
		<EMP_ID>1001</EMP_ID>
		<EMP_NAME>Henry Richards</EMP_NAME>
		<EMP_PROJECT_ID>P765</EMP_PROJECT_ID>
		<SALARY>
			<YEARLY id="2014" sal="60000">
				<MONTHLY>
					<MONTH id="10" sal="20000"/>
					<MONTH id="11" sal="20000"/>
					<MONTH id="12" sal="20000"/>
				</MONTHLY>
			</YEARLY>
			<YEARLY id="2015" sal="240000">
				<MONTHLY>
					<MONTH id="01" sal="20000"/>
					<MONTH id="02" sal="20000"/>
					<MONTH id="03" sal="20000"/>
					<MONTH id="04" sal="20000"/>
					<MONTH id="05" sal="20000"/>
					<MONTH id="06" sal="20000"/>
					<MONTH id="07" sal="20000"/>
					<MONTH id="08" sal="20000"/>
					<MONTH id="09" sal="20000"/>
					<MONTH id="10" sal="20000"/>
					<MONTH id="11" sal="20000"/>
					<MONTH id="12" sal="20000"/>
				</MONTHLY>
			</YEARLY>
		</SALARY>	
	</EMPLOYEE>
	<EMPLOYEE>
		<EMP_ID>1002</EMP_ID>
		<EMP_NAME>Mark Watson</EMP_NAME>
		<EMP_PROJECT_ID>P767</EMP_PROJECT_ID>
		<SALARY>
			<YEARLY id="2014" sal="240000">
				<MONTHLY>
					<MONTH id="01" sal="20000"/>
					<MONTH id="02" sal="20000"/>
					<MONTH id="03" sal="20000"/>
					<MONTH id="04" sal="20000"/>
					<MONTH id="05" sal="20000"/>
					<MONTH id="06" sal="20000"/>
					<MONTH id="07" sal="20000"/>
					<MONTH id="08" sal="20000"/>
					<MONTH id="09" sal="20000"/>
					<MONTH id="10" sal="20000"/>
					<MONTH id="11" sal="20000"/>
					<MONTH id="12" sal="20000"/>
				</MONTHLY>
			</YEARLY>
			<YEARLY id="2015" sal="360000">
				<MONTHLY>
					<MONTH id="01" sal="30000"/>
					<MONTH id="02" sal="30000"/>
					<MONTH id="03" sal="30000"/>
					<MONTH id="04" sal="30000"/>
					<MONTH id="05" sal="30000"/>
					<MONTH id="06" sal="30000"/>
					<MONTH id="07" sal="30000"/>
					<MONTH id="08" sal="30000"/>
					<MONTH id="09" sal="30000"/>
					<MONTH id="10" sal="30000"/>
					<MONTH id="11" sal="30000"/>
					<MONTH id="12" sal="30000"/>
				</MONTHLY>
			</YEARLY>
		</SALARY>	
	</EMPLOYEE>
	<EMP_ID>1002</EMP_ID>
		<EMP_NAME>Trinna Anderson</EMP_NAME>
		<EMP_PROJECT_ID>P768</EMP_PROJECT_ID>
		<SALARY>
			<YEARLY id="2014" sal="240000">
				<MONTHLY>
					<MONTH id="01" sal="20000"/>
					<MONTH id="02" sal="20000"/>
					<MONTH id="03" sal="20000"/>
					<MONTH id="04" sal="20000"/>
					<MONTH id="05" sal="20000"/>
					<MONTH id="06" sal="20000"/>
					<MONTH id="07" sal="20000"/>
					<MONTH id="08" sal="20000"/>
					<MONTH id="09" sal="20000"/>
					<MONTH id="10" sal="20000"/>
					<MONTH id="11" sal="20000"/>
					<MONTH id="12" sal="20000"/>
				</MONTHLY>
			</YEARLY>
			<YEARLY id="2015" sal="360000">
				<MONTHLY>
					<MONTH id="01" sal="30000"/>
					<MONTH id="02" sal="30000"/>
					<MONTH id="03" sal="30000"/>
					<MONTH id="04" sal="30000"/>
					<MONTH id="05" sal="30000"/>
					<MONTH id="06" sal="30000"/>
					<MONTH id="07" sal="30000"/>
					<MONTH id="08" sal="30000"/>
					<MONTH id="09" sal="30000"/>
					<MONTH id="10" sal="30000"/>
					<MONTH id="11" sal="30000"/>
					<MONTH id="12" sal="30000"/>
				</MONTHLY>
			</YEARLY>
		</SALARY>	
	</EMPLOYEE>
	<EMPLOYEE>
		<EMP_ID>1003</EMP_ID>
		<EMP_NAME>Anthony Cupid</EMP_NAME>
		<EMP_PROJECT_ID>P765</EMP_PROJECT_ID>
		<SALARY>
			<YEARLY id="2014" sal="245000">
				<MONTHLY>
					<MONTH id="06" sal="35000"/>
					<MONTH id="07" sal="35000"/>
					<MONTH id="08" sal="35000"/>
					<MONTH id="09" sal="35000"/>
					<MONTH id="10" sal="35000"/>
					<MONTH id="11" sal="35000"/>
					<MONTH id="12" sal="35000"/>
				</MONTHLY>
			</YEARLY>
			<YEARLY id="2015" sal="360000">
				<MONTHLY>
					<MONTH id="01" sal="30000"/>
					<MONTH id="02" sal="30000"/>
					<MONTH id="03" sal="30000"/>
					<MONTH id="04" sal="30000"/>
					<MONTH id="05" sal="30000"/>
					<MONTH id="06" sal="30000"/>
					<MONTH id="07" sal="30000"/>
					<MONTH id="08" sal="30000"/>
					<MONTH id="09" sal="30000"/>
					<MONTH id="10" sal="30000"/>
					<MONTH id="11" sal="30000"/>
					<MONTH id="12" sal="30000"/>
				</MONTHLY>
			</YEARLY>
		</SALARY>	
	</EMPLOYEE>
	<EMPLOYEE>
		<EMP_ID>1004</EMP_ID>
		<EMP_NAME>Walli Tarzi</EMP_NAME>
		<EMP_PROJECT_ID>P768</EMP_PROJECT_ID>
		<SALARY>
			<YEARLY id="2014" sal="245000">
				<MONTHLY>
					<MONTH id="06" sal="35000"/>
					<MONTH id="07" sal="35000"/>
					<MONTH id="08" sal="35000"/>
					<MONTH id="09" sal="35000"/>
					<MONTH id="10" sal="35000"/>
					<MONTH id="11" sal="35000"/>
					<MONTH id="12" sal="35000"/>
				</MONTHLY>
			</YEARLY>
			<YEARLY id="2015" sal="360000">
				<MONTHLY>
					<MONTH id="01" sal="30000"/>
					<MONTH id="02" sal="30000"/>
					<MONTH id="03" sal="30000"/>
					<MONTH id="04" sal="30000"/>
					<MONTH id="05" sal="30000"/>
					<MONTH id="06" sal="30000"/>
					<MONTH id="07" sal="30000"/>
					<MONTH id="08" sal="30000"/>
					<MONTH id="09" sal="30000"/>
					<MONTH id="10" sal="30000"/>
					<MONTH id="11" sal="30000"/>
					<MONTH id="12" sal="30000"/>
				</MONTHLY>
			</YEARLY>
		</SALARY>	
	</EMPLOYEE>
	<EMPLOYEE>
		<EMP_ID>1005</EMP_ID>
		<EMP_NAME>Andrew Bartelt</EMP_NAME>
		<EMP_PROJECT_ID>P765</EMP_PROJECT_ID>
		<SALARY>
			<YEARLY id="2014" sal="245000">
				<MONTHLY>
					<MONTH id="06" sal="35000"/>
					<MONTH id="07" sal="35000"/>
					<MONTH id="08" sal="35000"/>
					<MONTH id="09" sal="35000"/>
					<MONTH id="10" sal="35000"/>
					<MONTH id="11" sal="35000"/>
					<MONTH id="12" sal="35000"/>
				</MONTHLY>
			</YEARLY>
			<YEARLY id="2015" sal="360000">
				<MONTHLY>
					<MONTH id="01" sal="30000"/>
					<MONTH id="02" sal="30000"/>
					<MONTH id="03" sal="30000"/>
					<MONTH id="04" sal="30000"/>
					<MONTH id="05" sal="30000"/>
					<MONTH id="06" sal="30000"/>
					<MONTH id="07" sal="30000"/>
					<MONTH id="08" sal="30000"/>
					<MONTH id="09" sal="30000"/>
					<MONTH id="10" sal="30000"/>
					<MONTH id="11" sal="30000"/>
					<MONTH id="12" sal="30000"/>
				</MONTHLY>
			</YEARLY>
		</SALARY>	
	</EMPLOYEE>
	<EMPLOYEE>
		<EMP_ID>1006</EMP_ID>
		<EMP_NAME>Brian Watson</EMP_NAME>
		<EMP_PROJECT_ID>P765</EMP_PROJECT_ID>
		<SALARY>
			<YEARLY id="2014" sal="360000">
				<MONTHLY>
					<MONTH id="01" sal="30000"/>
					<MONTH id="02" sal="30000"/>
					<MONTH id="03" sal="30000"/>
					<MONTH id="04" sal="30000"/>
					<MONTH id="05" sal="30000"/>
					<MONTH id="06" sal="30000"/>
					<MONTH id="07" sal="30000"/>
					<MONTH id="08" sal="30000"/>
					<MONTH id="09" sal="30000"/>
					<MONTH id="10" sal="30000"/>
					<MONTH id="11" sal="30000"/>
					<MONTH id="12" sal="30000"/>
				</MONTHLY>
			</YEARLY>
			<YEARLY id="2015" sal="360000">
				<MONTHLY>
					<MONTH id="01" sal="30000"/>
					<MONTH id="02" sal="30000"/>
					<MONTH id="03" sal="30000"/>
					<MONTH id="04" sal="30000"/>
					<MONTH id="05" sal="30000"/>
					<MONTH id="06" sal="30000"/>
					<MONTH id="07" sal="30000"/>
					<MONTH id="08" sal="30000"/>
					<MONTH id="09" sal="30000"/>
					<MONTH id="10" sal="30000"/>
					<MONTH id="11" sal="30000"/>
					<MONTH id="12" sal="30000"/>
				</MONTHLY>
			</YEARLY>
		</SALARY>	
	</EMPLOYEE>
	<EMPLOYEE>
		<EMP_ID>1007</EMP_ID>
		<EMP_NAME>Sanjay Shah</EMP_NAME>
		<EMP_PROJECT_ID>P768</EMP_PROJECT_ID>
		<SALARY>
			<YEARLY id="2014" sal="240000">
				<MONTHLY>
					<MONTH id="01" sal="20000"/>
					<MONTH id="02" sal="20000"/>
					<MONTH id="03" sal="20000"/>
					<MONTH id="04" sal="20000"/>
					<MONTH id="05" sal="20000"/>
					<MONTH id="06" sal="20000"/>
					<MONTH id="07" sal="20000"/>
					<MONTH id="08" sal="20000"/>
					<MONTH id="09" sal="20000"/>
					<MONTH id="10" sal="20000"/>
					<MONTH id="11" sal="20000"/>
					<MONTH id="12" sal="20000"/>
				</MONTHLY>
			</YEARLY>
			<YEARLY id="2015" sal="360000">
				<MONTHLY>
					<MONTH id="01" sal="30000"/>
					<MONTH id="02" sal="30000"/>
					<MONTH id="03" sal="30000"/>
					<MONTH id="04" sal="30000"/>
					<MONTH id="05" sal="30000"/>
					<MONTH id="06" sal="30000"/>
					<MONTH id="07" sal="30000"/>
					<MONTH id="08" sal="30000"/>
					<MONTH id="09" sal="30000"/>
					<MONTH id="10" sal="30000"/>
					<MONTH id="11" sal="30000"/>
					<MONTH id="12" sal="30000"/>
				</MONTHLY>
			</YEARLY>
		</SALARY>	
	</EMPLOYEE>
</EMPLOYEES>